{
  "publicPath": "/dist/",
  "all": [
    "0.190764efc108dc1681e7.js",
    "1.1b447997031b2df1c649.js",
    "main.3634ede2a10d3041e03a.js",
    "manifest.835fd81bcf9c22e87e13.js"
  ],
  "initial": [
    "manifest.835fd81bcf9c22e87e13.js",
    "main.3634ede2a10d3041e03a.js"
  ],
  "async": [
    "0.190764efc108dc1681e7.js",
    "1.1b447997031b2df1c649.js"
  ],
  "modules": {
    "48438428": [
      2
    ],
    "2015f3a6": [
      2
    ],
    "04f48f6c": [
      2
    ],
    "32e3be3d": [
      2
    ],
    "d09cf1ac": [
      2
    ],
    "082f5726": [
      2
    ],
    "64194a14": [
      2
    ],
    "db688fd2": [
      2
    ],
    "a13e7e66": [
      2
    ],
    "06af6509": [
      2
    ],
    "2707efe3": [
      2
    ],
    "6abbd922": [
      2
    ],
    "7e9c0bce": [
      2
    ],
    "ed060112": [
      2
    ],
    "38e820c3": [
      2
    ],
    "41fe88e4": [
      2
    ],
    "73e635a4": [
      1
    ],
    "73f44d25": [
      0
    ],
    "439be49c": [
      1
    ],
    "8def784c": [
      1
    ],
    "437fb59a": [
      0
    ],
    "49178a6c": [
      0
    ]
  }
}